1,0,0,1,0,1,1,1,0,1,1,1,1,1,1,1,0,1,1,1,1,1,1,1,1,1,1,1,1,1,1,1,0,1,1,1,1,1,1,1,1,1,1,1,1,1,1,1,1,1,1,1,1,1,1,1,1,1,1,1,1,1,1,1,0,1,1,1,1,1,1,1,1,1,1,1,1,1,1,1,1,1,1,1,1,1,1,1,1,1,1,1,1,1,1,1,1,1,1,1,1,1,1,1,1,1,1,1,1,1,1,1,1,1,1,1,1,1,1,1,1,1,1,1,1,1,1,1
1,0,0,0,0,0,1,0,0,0,1,0,1,0,1,0,0,0,1,0,1,0,1,0,1,0,1,0,1,0,1,0,0,0,1,0,1,0,1,0,1,0,1,0,1,0,1,0,1,0,1,0,1,0,1,0,1,0,1,0,1,0,1,0,0,0,1,0,1,0,1,0,1,0,1,0,1,0,1,0,1,0,1,0,1,0,1,0,1,0,1,0,1,0,1,0,1,0,1,0,1,0,1,0,1,0,1,0,1,0,1,0,1,0,1,0,1,0,1,0,1,0,1,0,1,0,1,0
1,0,0,0,0,1,0,0,0,1,0,0,1,1,0,0,0,1,0,0,1,1,0,0,1,1,0,0,1,1,0,0,0,1,0,0,1,1,0,0,1,1,0,0,1,1,0,0,1,1,0,0,1,1,0,0,1,1,0,0,1,1,0,0,0,1,0,0,1,1,0,0,1,1,0,0,1,1,0,0,1,1,0,0,1,1,0,0,1,1,0,0,1,1,0,0,1,1,0,0,1,1,0,0,1,1,0,0,1,1,0,0,1,1,0,0,1,1,0,0,1,1,0,0,1,1,0,0
1,0,0,1,0,0,0,0,0,0,0,0,1,0,0,1/9,0,0,0,0,1,0,0,1/9,1,0,0,1/9,1,0,0,1/4,0,0,0,0,1,0,0,1/9,1,0,0,1/9,1,0,0,1/4,1,0,0,1/9,1,0,0,1/4,1,0,0,1/4,1,0,0,9/25,0,0,0,0,1,0,0,1/9,1,0,0,1/9,1,0,0,1/4,1,0,0,1/9,1,0,0,1/4,1,0,0,1/4,1,0,0,9/25,1,0,0,1/9,1,0,0,1/4,1,0,0,1/4,1,0,0,9/25,1,0,0,1/4,1,0,0,9/25,1,0,0,9/25,1,0,0,4/9
1,0,0,1,0,0,0,0,0,1,1,1,0,0,0,0,0,1,1,1,0,0,0,0,1,1,1,1,0,0,0,0,0,1,1,1,0,0,0,0,1,1,1,1,0,0,0,0,1,1,1,1,0,0,0,0,1,1,1,1,0,0,0,0,0,1,1,1,0,0,0,0,1,1,1,1,0,0,0,0,1,1,1,1,0,0,0,0,1,1,1,1,0,0,0,0,1,1,1,1,0,0,0,0,1,1,1,1,0,0,0,0,1,1,1,1,0,0,0,0,1,1,1,1,0,0,0,0
1,0,0,0,0,1,0,0,0,0,1,0,0,0,0,1/9,0,0,1,0,0,0,0,1/9,1,0,1,0,0,1/9,0,1/4,0,0,1,0,0,0,0,1/9,1,0,1,0,0,1/9,0,1/4,1,0,1,0,0,1/9,0,1/4,1,0,1,0,0,1/4,0,9/25,0,0,1,0,0,0,0,1/9,1,0,1,0,0,1/9,0,1/4,1,0,1,0,0,1/9,0,1/4,1,0,1,0,0,1/4,0,9/25,1,0,1,0,0,1/9,0,1/4,1,0,1,0,0,1/4,0,9/25,1,0,1,0,0,1/4,0,9/25,1,0,1,0,0,9/25,0,4/9
1,0,0,0,0,0,1,0,0,1,0,0,0,0,0,1/9,0,1,0,0,0,0,0,1/9,1,1,0,0,0,0,1/9,1/4,0,1,0,0,0,0,0,1/9,1,1,0,0,0,0,1/9,1/4,1,1,0,0,0,0,1/9,1/4,1,1,0,0,0,0,1/4,9/25,0,1,0,0,0,0,0,1/9,1,1,0,0,0,0,1/9,1/4,1,1,0,0,0,0,1/9,1/4,1,1,0,0,0,0,1/4,9/25,1,1,0,0,0,0,1/9,1/4,1,1,0,0,0,0,1/4,9/25,1,1,0,0,0,0,1/4,9/25,1,1,0,0,0,0,9/25,4/9
1,0,0,1,0,1,1,1,0,0,0,0,0,0,0,0,0,0,0,0,0,0,0,0,1,0,0,1/9,0,1/9,1/9,1/4,0,0,0,0,0,0,0,0,1,0,0,1/9,0,1/9,1/9,1/4,1,0,0,1/9,0,1/9,1/9,1/4,1,0,0,1/4,0,1/4,1/4,16/25,0,0,0,0,0,0,0,0,1,0,0,1/9,0,1/9,1/9,1/4,1,0,0,1/9,0,1/9,1/9,1/4,1,0,0,1/4,0,1/4,1/4,16/25,1,0,0,1/9,0,1/9,1/9,1/4,1,0,0,1/4,0,1/4,1/4,16/25,1,0,0,1/4,0,1/4,1/4,16/25,1,0,0,9/25,0,9/25,9/25,1
1,0,0,1,0,1,1,1,0,0,0,0,0,0,0,0,0,1,1,1,1,1,1,1,0,0,0,0,0,0,0,0,0,1,1,1,1,1,1,1,0,0,0,0,0,0,0,0,1,1,1,1,1,1,1,1,0,0,0,0,0,0,0,0,0,1,1,1,1,1,1,1,0,0,0,0,0,0,0,0,1,1,1,1,1,1,1,1,0,0,0,0,0,0,0,0,1,1,1,1,1,1,1,1,0,0,0,0,0,0,0,0,1,1,1,1,1,1,1,1,0,0,0,0,0,0,0,0
1,0,0,0,0,0,1,0,0,1,0,0,0,0,0,1/9,0,0,1,0,1,0,1,0,0,0,0,1/9,0,1/9,0,1/4,0,0,1,0,1,0,1,0,0,0,0,1/9,0,1/9,0,1/4,1,0,1,0,1,0,1,0,0,1/9,0,1/4,0,1/4,0,9/25,0,0,1,0,1,0,1,0,0,0,0,1/9,0,1/9,0,1/4,1,0,1,0,1,0,1,0,0,1/9,0,1/4,0,1/4,0,9/25,1,0,1,0,1,0,1,0,0,1/9,0,1/4,0,1/4,0,9/25,1,0,1,0,1,0,1,0,0,1/4,0,9/25,0,9/25,0,4/9
1,0,0,0,0,1,0,0,0,0,1,0,0,0,0,1/9,0,1,0,0,1,1,0,0,0,0,0,1/9,0,0,1/9,1/4,0,1,0,0,1,1,0,0,0,0,0,1/9,0,0,1/9,1/4,1,1,0,0,1,1,0,0,0,0,1/9,1/4,0,0,1/4,9/25,0,1,0,0,1,1,0,0,0,0,0,1/9,0,0,1/9,1/4,1,1,0,0,1,1,0,0,0,0,1/9,1/4,0,0,1/4,9/25,1,1,0,0,1,1,0,0,0,0,1/9,1/4,0,0,1/4,9/25,1,1,0,0,1,1,0,0,0,0,1/4,9/25,0,0,9/25,4/9
1,0,0,1,0,0,0,0,0,1,1,1,0,0,0,0,0,0,0,0,1,0,0,1/9,0,0,0,0,0,1/9,1/9,1/4,0,0,0,0,1,0,0,1/9,0,0,0,0,0,1/9,1/9,1/4,1,0,0,1/9,1,0,0,1/4,0,1/9,1/9,1/4,0,1/4,1/4,16/25,0,0,0,0,1,0,0,1/9,0,0,0,0,0,1/9,1/9,1/4,1,0,0,1/9,1,0,0,1/4,0,1/9,1/9,1/4,0,1/4,1/4,16/25,1,0,0,1/9,1,0,0,1/4,0,1/9,1/9,1/4,0,1/4,1/4,16/25,1,0,0,1/4,1,0,0,9/25,0,1/4,1/4,16/25,0,9/25,9/25,1
1,0,0,1,0,0,0,0,0,0,0,0,1,0,0,1/9,0,1,1,1,0,0,0,0,0,0,0,0,0,1/9,1/9,1/4,0,1,1,1,0,0,0,0,0,0,0,0,0,1/9,1/9,1/4,1,1,1,1,0,0,0,0,0,0,0,0,1/9,1/4,1/4,9/25,0,1,1,1,0,0,0,0,0,0,0,0,0,1/9,1/9,1/4,1,1,1,1,0,0,0,0,0,0,0,0,1/9,1/4,1/4,9/25,1,1,1,1,0,0,0,0,0,0,0,0,1/9,1/4,1/4,9/25,1,1,1,1,0,0,0,0,0,0,0,0,1/4,9/25,9/25,4/9
1,0,0,0,0,1,0,0,0,1,0,0,1,1,0,0,0,0,1,0,0,0,0,1/9,0,0,0,1/9,0,0,1/9,1/4,0,0,1,0,0,0,0,1/9,0,0,0,1/9,0,0,1/9,1/4,1,0,1,0,0,1/9,0,1/4,0,1/9,0,1/4,1/9,1/4,1/4,16/25,0,0,1,0,0,0,0,1/9,0,0,0,1/9,0,0,1/9,1/4,1,0,1,0,0,1/9,0,1/4,0,1/9,0,1/4,1/9,1/4,1/4,16/25,1,0,1,0,0,1/9,0,1/4,0,1/9,0,1/4,1/9,1/4,1/4,16/25,1,0,1,0,0,1/4,0,9/25,0,1/4,0,9/25,1/4,16/25,9/25,1
1,0,0,0,0,0,1,0,0,0,1,0,1,0,1,0,0,1,0,0,0,0,0,1/9,0,0,0,1/9,0,1/9,0,1/4,0,1,0,0,0,0,0,1/9,0,0,0,1/9,0,1/9,0,1/4,1,1,0,0,0,0,1/9,1/4,0,0,1/9,1/4,1/9,1/4,1/4,16/25,0,1,0,0,0,0,0,1/9,0,0,0,1/9,0,1/9,0,1/4,1,1,0,0,0,0,1/9,1/4,0,0,1/9,1/4,1/9,1/4,1/4,16/25,1,1,0,0,0,0,1/9,1/4,0,0,1/9,1/4,1/9,1/4,1/4,16/25,1,1,0,0,0,0,1/4,9/25,0,0,1/4,9/25,1/4,9/25,16/25,1
1,0,0,1,0,1,1,1,0,1,1,1,1,1,1,1,0,0,0,0,0,0,0,0,0,0,0,0,0,0,0,0,0,0,0,0,0,0,0,0,0,0,0,0,0,0,0,0,1,0,0,1/9,0,1/9,1/9,1/4,0,1/9,1/9,1/4,1/9,1/4,1/4,9/25,0,0,0,0,0,0,0,0,0,0,0,0,0,0,0,0,1,0,0,1/9,0,1/9,1/9,1/4,0,1/9,1/9,1/4,1/9,1/4,1/4,9/25,1,0,0,1/9,0,1/9,1/9,1/4,0,1/9,1/9,1/4,1/9,1/4,1/4,9/25,1,0,0,1/4,0,1/4,1/4,16/25,0,1/4,1/4,16/25,1/4,16/25,16/25,1
1,0,0,1,0,1,1,1,0,1,1,1,1,1,1,1,0,0,0,0,0,0,0,0,0,0,0,0,0,0,0,0,0,1,1,1,1,1,1,1,1,1,1,1,1,1,1,1,0,0,0,0,0,0,0,0,0,0,0,0,0,0,0,0,0,1,1,1,1,1,1,1,1,1,1,1,1,1,1,1,0,0,0,0,0,0,0,0,0,0,0,0,0,0,0,0,1,1,1,1,1,1,1,1,1,1,1,1,1,1,1,1,0,0,0,0,0,0,0,0,0,0,0,0,0,0,0,0
1,0,0,0,0,0,1,0,0,0,1,0,1,0,1,0,0,1,0,0,0,0,0,1/9,0,0,0,1/9,0,1/9,0,1/4,0,0,1,0,1,0,1,0,1,0,1,0,1,0,1,0,0,0,0,1/9,0,1/9,0,1/4,0,1/9,0,1/4,0,1/4,0,9/25,0,0,1,0,1,0,1,0,1,0,1,0,1,0,1,0,0,0,0,1/9,0,1/9,0,1/4,0,1/9,0,1/4,0,1/4,0,9/25,1,0,1,0,1,0,1,0,1,0,1,0,1,0,1,0,0,1/9,0,1/4,0,1/4,0,9/25,0,1/4,0,9/25,0,9/25,0,4/9
1,0,0,0,0,1,0,0,0,1,0,0,1,1,0,0,0,0,1,0,0,0,0,1/9,0,0,0,1/9,0,0,1/9,1/4,0,1,0,0,1,1,0,0,1,1,0,0,1,1,0,0,0,0,0,1/9,0,0,1/9,1/4,0,0,1/9,1/4,0,0,1/4,9/25,0,1,0,0,1,1,0,0,1,1,0,0,1,1,0,0,0,0,0,1/9,0,0,1/9,1/4,0,0,1/9,1/4,0,0,1/4,9/25,1,1,0,0,1,1,0,0,1,1,0,0,1,1,0,0,0,0,1/9,1/4,0,0,1/4,9/25,0,0,1/4,9/25,0,0,9/25,4/9
1,0,0,1,0,0,0,0,0,0,0,0,1,0,0,1/9,0,1,1,1,0,0,0,0,0,0,0,0,0,1/9,1/9,1/4,0,0,0,0,1,0,0,1/9,1,0,0,1/9,1,0,0,1/4,0,0,0,0,0,1/9,1/9,1/4,0,1/9,1/9,1/4,0,1/4,1/4,16/25,0,0,0,0,1,0,0,1/9,1,0,0,1/9,1,0,0,1/4,0,0,0,0,0,1/9,1/9,1/4,0,1/9,1/9,1/4,0,1/4,1/4,16/25,1,0,0,1/9,1,0,0,1/4,1,0,0,1/4,1,0,0,9/25,0,1/9,1/9,1/4,0,1/4,1/4,16/25,0,1/4,1/4,16/25,0,9/25,9/25,1
1,0,0,1,0,0,0,0,0,1,1,1,0,0,0,0,0,0,0,0,1,0,0,1/9,0,0,0,0,0,1/9,1/9,1/4,0,1,1,1,0,0,0,0,1,1,1,1,0,0,0,0,0,0,0,0,0,1/9,1/9,1/4,0,0,0,0,1/9,1/4,1/4,9/25,0,1,1,1,0,0,0,0,1,1,1,1,0,0,0,0,0,0,0,0,0,1/9,1/9,1/4,0,0,0,0,1/9,1/4,1/4,9/25,1,1,1,1,0,0,0,0,1,1,1,1,0,0,0,0,0,0,0,0,1/9,1/4,1/4,9/25,0,0,0,0,1/4,9/25,9/25,4/9
1,0,0,0,0,1,0,0,0,0,1,0,0,0,0,1/9,0,1,0,0,1,1,0,0,0,0,0,1/9,0,0,1/9,1/4,0,0,1,0,0,0,0,1/9,1,0,1,0,0,1/9,0,1/4,0,0,0,1/9,0,0,1/9,1/4,0,1/9,0,1/4,1/9,1/4,1/4,16/25,0,0,1,0,0,0,0,1/9,1,0,1,0,0,1/9,0,1/4,0,0,0,1/9,0,0,1/9,1/4,0,1/9,0,1/4,1/9,1/4,1/4,16/25,1,0,1,0,0,1/9,0,1/4,1,0,1,0,0,1/4,0,9/25,0,1/9,0,1/4,1/9,1/4,1/4,16/25,0,1/4,0,9/25,1/4,16/25,9/25,1
1,0,0,0,0,0,1,0,0,1,0,0,0,0,0,1/9,0,0,1,0,1,0,1,0,0,0,0,1/9,0,1/9,0,1/4,0,1,0,0,0,0,0,1/9,1,1,0,0,0,0,1/9,1/4,0,0,0,1/9,0,1/9,0,1/4,0,0,1/9,1/4,1/9,1/4,1/4,16/25,0,1,0,0,0,0,0,1/9,1,1,0,0,0,0,1/9,1/4,0,0,0,1/9,0,1/9,0,1/4,0,0,1/9,1/4,1/9,1/4,1/4,16/25,1,1,0,0,0,0,1/9,1/4,1,1,0,0,0,0,1/4,9/25,0,0,1/9,1/4,1/9,1/4,1/4,16/25,0,0,1/4,9/25,1/4,9/25,16/25,1
1,0,0,1,0,1,1,1,0,0,0,0,0,0,0,0,0,1,1,1,1,1,1,1,0,0,0,0,0,0,0,0,0,0,0,0,0,0,0,0,1,0,0,1/9,0,1/9,1/9,1/4,0,0,0,0,0,0,0,0,0,1/9,1/9,1/4,1/9,1/4,1/4,9/25,0,0,0,0,0,0,0,0,1,0,0,1/9,0,1/9,1/9,1/4,0,0,0,0,0,0,0,0,0,1/9,1/9,1/4,1/9,1/4,1/4,9/25,1,0,0,1/9,0,1/9,1/9,1/4,1,0,0,1/4,0,1/4,1/4,16/25,0,1/9,1/9,1/4,1/9,1/4,1/4,9/25,0,1/4,1/4,16/25,1/4,16/25,16/25,1
1,0,0,1,0,1,1,1,0,0,0,0,0,0,0,0,0,0,0,0,0,0,0,0,1,0,0,1/9,0,1/9,1/9,1/4,0,1,1,1,1,1,1,1,0,0,0,0,0,0,0,0,0,0,0,0,0,0,0,0,0,1/9,1/9,1/4,1/9,1/4,1/4,9/25,0,1,1,1,1,1,1,1,0,0,0,0,0,0,0,0,0,0,0,0,0,0,0,0,0,1/9,1/9,1/4,1/9,1/4,1/4,9/25,1,1,1,1,1,1,1,1,0,0,0,0,0,0,0,0,0,0,0,0,0,0,0,0,1/9,1/4,1/4,9/25,1/4,9/25,9/25,4/9
1,0,0,0,0,0,1,0,0,1,0,0,0,0,0,1/9,0,1,0,0,0,0,0,1/9,1,1,0,0,0,0,1/9,1/4,0,0,1,0,1,0,1,0,0,0,0,1/9,0,1/9,0,1/4,0,0,0,1/9,0,1/9,0,1/4,0,0,1/9,1/4,1/9,1/4,1/4,16/25,0,0,1,0,1,0,1,0,0,0,0,1/9,0,1/9,0,1/4,0,0,0,1/9,0,1/9,0,1/4,0,0,1/9,1/4,1/9,1/4,1/4,16/25,1,0,1,0,1,0,1,0,0,1/9,0,1/4,0,1/4,0,9/25,0,1/9,0,1/4,0,1/4,0,9/25,1/9,1/4,1/4,16/25,1/4,16/25,9/25,1
1,0,0,0,0,1,0,0,0,0,1,0,0,0,0,1/9,0,0,1,0,0,0,0,1/9,1,0,1,0,0,1/9,0,1/4,0,1,0,0,1,1,0,0,0,0,0,1/9,0,0,1/9,1/4,0,0,0,1/9,0,0,1/9,1/4,0,1/9,0,1/4,1/9,1/4,1/4,16/25,0,1,0,0,1,1,0,0,0,0,0,1/9,0,0,1/9,1/4,0,0,0,1/9,0,0,1/9,1/4,0,1/9,0,1/4,1/9,1/4,1/4,16/25,1,1,0,0,1,1,0,0,0,0,1/9,1/4,0,0,1/4,9/25,0,0,1/9,1/4,0,0,1/4,9/25,1/9,1/4,1/4,16/25,1/4,9/25,16/25,1
1,0,0,1,0,0,0,0,0,1,1,1,0,0,0,0,0,1,1,1,0,0,0,0,1,1,1,1,0,0,0,0,0,0,0,0,1,0,0,1/9,0,0,0,0,0,1/9,1/9,1/4,0,0,0,0,0,1/9,1/9,1/4,0,0,0,0,1/9,1/4,1/4,9/25,0,0,0,0,1,0,0,1/9,0,0,0,0,0,1/9,1/9,1/4,0,0,0,0,0,1/9,1/9,1/4,0,0,0,0,1/9,1/4,1/4,9/25,1,0,0,1/9,1,0,0,1/4,0,1/9,1/9,1/4,0,1/4,1/4,16/25,0,1/9,1/9,1/4,0,1/4,1/4,16/25,1/9,1/4,1/4,9/25,1/4,16/25,16/25,1
1,0,0,1,0,0,0,0,0,0,0,0,1,0,0,1/9,0,0,0,0,1,0,0,1/9,1,0,0,1/9,1,0,0,1/4,0,1,1,1,0,0,0,0,0,0,0,0,0,1/9,1/9,1/4,0,0,0,0,0,1/9,1/9,1/4,0,1/9,1/9,1/4,0,1/4,1/4,16/25,0,1,1,1,0,0,0,0,0,0,0,0,0,1/9,1/9,1/4,0,0,0,0,0,1/9,1/9,1/4,0,1/9,1/9,1/4,0,1/4,1/4,16/25,1,1,1,1,0,0,0,0,0,0,0,0,1/9,1/4,1/4,9/25,0,0,0,0,1/9,1/4,1/4,9/25,1/9,1/4,1/4,9/25,1/4,16/25,16/25,1
1,0,0,0,0,1,0,0,0,1,0,0,1,1,0,0,0,1,0,0,1,1,0,0,1,1,0,0,1,1,0,0,0,0,1,0,0,0,0,1/9,0,0,0,1/9,0,0,1/9,1/4,0,0,0,1/9,0,0,1/9,1/4,0,0,1/9,1/4,0,0,1/4,9/25,0,0,1,0,0,0,0,1/9,0,0,0,1/9,0,0,1/9,1/4,0,0,0,1/9,0,0,1/9,1/4,0,0,1/9,1/4,0,0,1/4,9/25,1,0,1,0,0,1/9,0,1/4,0,1/9,0,1/4,1/9,1/4,1/4,16/25,0,1/9,0,1/4,1/9,1/4,1/4,16/25,1/9,1/4,1/4,16/25,1/4,9/25,16/25,1
1,0,0,0,0,0,1,0,0,0,1,0,1,0,1,0,0,0,1,0,1,0,1,0,1,0,1,0,1,0,1,0,0,1,0,0,0,0,0,1/9,0,0,0,1/9,0,1/9,0,1/4,0,0,0,1/9,0,1/9,0,1/4,0,1/9,0,1/4,0,1/4,0,9/25,0,1,0,0,0,0,0,1/9,0,0,0,1/9,0,1/9,0,1/4,0,0,0,1/9,0,1/9,0,1/4,0,1/9,0,1/4,0,1/4,0,9/25,1,1,0,0,0,0,1/9,1/4,0,0,1/9,1/4,1/9,1/4,1/4,16/25,0,0,1/9,1/4,1/9,1/4,1/4,16/25,1/9,1/4,1/4,16/25,1/4,16/25,9/25,1
1,0,0,1,0,1,1,1,0,1,1,1,1,1,1,1,0,1,1,1,1,1,1,1,1,1,1,1,1,1,1,1,0,0,0,0,0,0,0,0,0,0,0,0,0,0,0,0,0,0,0,0,0,0,0,0,0,0,0,0,0,0,0,0,0,0,0,0,0,0,0,0,0,0,0,0,0,0,0,0,0,0,0,0,0,0,0,0,0,0,0,0,0,0,0,0,1,0,0,1/9,0,1/9,1/9,1/4,0,1/9,1/9,1/4,1/9,1/4,1/4,9/25,0,1/9,1/9,1/4,1/9,1/4,1/4,9/25,1/9,1/4,1/4,9/25,1/4,9/25,9/25,4/9
1,0,0,1,0,1,1,1,0,1,1,1,1,1,1,1,0,1,1,1,1,1,1,1,1,1,1,1,1,1,1,1,0,0,0,0,0,0,0,0,0,0,0,0,0,0,0,0,0,0,0,0,0,0,0,0,0,0,0,0,0,0,0,0,0,1,1,1,1,1,1,1,1,1,1,1,1,1,1,1,1,1,1,1,1,1,1,1,1,1,1,1,1,1,1,1,0,0,0,0,0,0,0,0,0,0,0,0,0,0,0,0,0,0,0,0,0,0,0,0,0,0,0,0,0,0,0,0
1,0,0,0,0,0,1,0,0,0,1,0,1,0,1,0,0,0,1,0,1,0,1,0,1,0,1,0,1,0,1,0,0,1,0,0,0,0,0,1/9,0,0,0,1/9,0,1/9,0,1/4,0,0,0,1/9,0,1/9,0,1/4,0,1/9,0,1/4,0,1/4,0,9/25,0,0,1,0,1,0,1,0,1,0,1,0,1,0,1,0,1,0,1,0,1,0,1,0,1,0,1,0,1,0,1,0,0,0,0,1/9,0,1/9,0,1/4,0,1/9,0,1/4,0,1/4,0,9/25,0,1/9,0,1/4,0,1/4,0,9/25,0,1/4,0,9/25,0,9/25,0,4/9
1,0,0,0,0,1,0,0,0,1,0,0,1,1,0,0,0,1,0,0,1,1,0,0,1,1,0,0,1,1,0,0,0,0,1,0,0,0,0,1/9,0,0,0,1/9,0,0,1/9,1/4,0,0,0,1/9,0,0,1/9,1/4,0,0,1/9,1/4,0,0,1/4,9/25,0,1,0,0,1,1,0,0,1,1,0,0,1,1,0,0,1,1,0,0,1,1,0,0,1,1,0,0,1,1,0,0,0,0,0,1/9,0,0,1/9,1/4,0,0,1/9,1/4,0,0,1/4,9/25,0,0,1/9,1/4,0,0,1/4,9/25,0,0,1/4,9/25,0,0,9/25,4/9
1,0,0,1,0,0,0,0,0,0,0,0,1,0,0,1/9,0,0,0,0,1,0,0,1/9,1,0,0,1/9,1,0,0,1/4,0,1,1,1,0,0,0,0,0,0,0,0,0,1/9,1/9,1/4,0,0,0,0,0,1/9,1/9,1/4,0,1/9,1/9,1/4,0,1/4,1/4,16/25,0,0,0,0,1,0,0,1/9,1,0,0,1/9,1,0,0,1/4,1,0,0,1/9,1,0,0,1/4,1,0,0,1/4,1,0,0,9/25,0,0,0,0,0,1/9,1/9,1/4,0,1/9,1/9,1/4,0,1/4,1/4,16/25,0,1/9,1/9,1/4,0,1/4,1/4,16/25,0,1/4,1/4,16/25,0,9/25,9/25,1
1,0,0,1,0,0,0,0,0,1,1,1,0,0,0,0,0,1,1,1,0,0,0,0,1,1,1,1,0,0,0,0,0,0,0,0,1,0,0,1/9,0,0,0,0,0,1/9,1/9,1/4,0,0,0,0,0,1/9,1/9,1/4,0,0,0,0,1/9,1/4,1/4,9/25,0,1,1,1,0,0,0,0,1,1,1,1,0,0,0,0,1,1,1,1,0,0,0,0,1,1,1,1,0,0,0,0,0,0,0,0,0,1/9,1/9,1/4,0,0,0,0,1/9,1/4,1/4,9/25,0,0,0,0,1/9,1/4,1/4,9/25,0,0,0,0,1/4,9/25,9/25,4/9
1,0,0,0,0,1,0,0,0,0,1,0,0,0,0,1/9,0,0,1,0,0,0,0,1/9,1,0,1,0,0,1/9,0,1/4,0,1,0,0,1,1,0,0,0,0,0,1/9,0,0,1/9,1/4,0,0,0,1/9,0,0,1/9,1/4,0,1/9,0,1/4,1/9,1/4,1/4,16/25,0,0,1,0,0,0,0,1/9,1,0,1,0,0,1/9,0,1/4,1,0,1,0,0,1/9,0,1/4,1,0,1,0,0,1/4,0,9/25,0,0,0,1/9,0,0,1/9,1/4,0,1/9,0,1/4,1/9,1/4,1/4,16/25,0,1/9,0,1/4,1/9,1/4,1/4,16/25,0,1/4,0,9/25,1/4,16/25,9/25,1
1,0,0,0,0,0,1,0,0,1,0,0,0,0,0,1/9,0,1,0,0,0,0,0,1/9,1,1,0,0,0,0,1/9,1/4,0,0,1,0,1,0,1,0,0,0,0,1/9,0,1/9,0,1/4,0,0,0,1/9,0,1/9,0,1/4,0,0,1/9,1/4,1/9,1/4,1/4,16/25,0,1,0,0,0,0,0,1/9,1,1,0,0,0,0,1/9,1/4,1,1,0,0,0,0,1/9,1/4,1,1,0,0,0,0,1/4,9/25,0,0,0,1/9,0,1/9,0,1/4,0,0,1/9,1/4,1/9,1/4,1/4,16/25,0,0,1/9,1/4,1/9,1/4,1/4,16/25,0,0,1/4,9/25,1/4,9/25,16/25,1
1,0,0,1,0,1,1,1,0,0,0,0,0,0,0,0,0,0,0,0,0,0,0,0,1,0,0,1/9,0,1/9,1/9,1/4,0,1,1,1,1,1,1,1,0,0,0,0,0,0,0,0,0,0,0,0,0,0,0,0,0,1/9,1/9,1/4,1/9,1/4,1/4,9/25,0,0,0,0,0,0,0,0,1,0,0,1/9,0,1/9,1/9,1/4,1,0,0,1/9,0,1/9,1/9,1/4,1,0,0,1/4,0,1/4,1/4,16/25,0,0,0,0,0,0,0,0,0,1/9,1/9,1/4,1/9,1/4,1/4,9/25,0,1/9,1/9,1/4,1/9,1/4,1/4,9/25,0,1/4,1/4,16/25,1/4,16/25,16/25,1
1,0,0,1,0,1,1,1,0,0,0,0,0,0,0,0,0,1,1,1,1,1,1,1,0,0,0,0,0,0,0,0,0,0,0,0,0,0,0,0,1,0,0,1/9,0,1/9,1/9,1/4,0,0,0,0,0,0,0,0,0,1/9,1/9,1/4,1/9,1/4,1/4,9/25,0,1,1,1,1,1,1,1,0,0,0,0,0,0,0,0,1,1,1,1,1,1,1,1,0,0,0,0,0,0,0,0,0,0,0,0,0,0,0,0,0,1/9,1/9,1/4,1/9,1/4,1/4,9/25,0,0,0,0,0,0,0,0,1/9,1/4,1/4,9/25,1/4,9/25,9/25,4/9
1,0,0,0,0,0,1,0,0,1,0,0,0,0,0,1/9,0,0,1,0,1,0,1,0,0,0,0,1/9,0,1/9,0,1/4,0,1,0,0,0,0,0,1/9,1,1,0,0,0,0,1/9,1/4,0,0,0,1/9,0,1/9,0,1/4,0,0,1/9,1/4,1/9,1/4,1/4,16/25,0,0,1,0,1,0,1,0,0,0,0,1/9,0,1/9,0,1/4,1,0,1,0,1,0,1,0,0,1/9,0,1/4,0,1/4,0,9/25,0,0,0,1/9,0,1/9,0,1/4,0,0,1/9,1/4,1/9,1/4,1/4,16/25,0,1/9,0,1/4,0,1/4,0,9/25,1/9,1/4,1/4,16/25,1/4,16/25,9/25,1
1,0,0,0,0,1,0,0,0,0,1,0,0,0,0,1/9,0,1,0,0,1,1,0,0,0,0,0,1/9,0,0,1/9,1/4,0,0,1,0,0,0,0,1/9,1,0,1,0,0,1/9,0,1/4,0,0,0,1/9,0,0,1/9,1/4,0,1/9,0,1/4,1/9,1/4,1/4,16/25,0,1,0,0,1,1,0,0,0,0,0,1/9,0,0,1/9,1/4,1,1,0,0,1,1,0,0,0,0,1/9,1/4,0,0,1/4,9/25,0,0,0,1/9,0,0,1/9,1/4,0,1/9,0,1/4,1/9,1/4,1/4,16/25,0,0,1/9,1/4,0,0,1/4,9/25,1/9,1/4,1/4,16/25,1/4,9/25,16/25,1
1,0,0,1,0,0,0,0,0,1,1,1,0,0,0,0,0,0,0,0,1,0,0,1/9,0,0,0,0,0,1/9,1/9,1/4,0,1,1,1,0,0,0,0,1,1,1,1,0,0,0,0,0,0,0,0,0,1/9,1/9,1/4,0,0,0,0,1/9,1/4,1/4,9/25,0,0,0,0,1,0,0,1/9,0,0,0,0,0,1/9,1/9,1/4,1,0,0,1/9,1,0,0,1/4,0,1/9,1/9,1/4,0,1/4,1/4,16/25,0,0,0,0,0,1/9,1/9,1/4,0,0,0,0,1/9,1/4,1/4,9/25,0,1/9,1/9,1/4,0,1/4,1/4,16/25,1/9,1/4,1/4,9/25,1/4,16/25,16/25,1
1,0,0,1,0,0,0,0,0,0,0,0,1,0,0,1/9,0,1,1,1,0,0,0,0,0,0,0,0,0,1/9,1/9,1/4,0,0,0,0,1,0,0,1/9,1,0,0,1/9,1,0,0,1/4,0,0,0,0,0,1/9,1/9,1/4,0,1/9,1/9,1/4,0,1/4,1/4,16/25,0,1,1,1,0,0,0,0,0,0,0,0,0,1/9,1/9,1/4,1,1,1,1,0,0,0,0,0,0,0,0,1/9,1/4,1/4,9/25,0,0,0,0,0,1/9,1/9,1/4,0,1/9,1/9,1/4,0,1/4,1/4,16/25,0,0,0,0,1/9,1/4,1/4,9/25,1/9,1/4,1/4,9/25,1/4,16/25,16/25,1
1,0,0,0,0,1,0,0,0,1,0,0,1,1,0,0,0,0,1,0,0,0,0,1/9,0,0,0,1/9,0,0,1/9,1/4,0,1,0,0,1,1,0,0,1,1,0,0,1,1,0,0,0,0,0,1/9,0,0,1/9,1/4,0,0,1/9,1/4,0,0,1/4,9/25,0,0,1,0,0,0,0,1/9,0,0,0,1/9,0,0,1/9,1/4,1,0,1,0,0,1/9,0,1/4,0,1/9,0,1/4,1/9,1/4,1/4,16/25,0,0,0,1/9,0,0,1/9,1/4,0,0,1/9,1/4,0,0,1/4,9/25,0,1/9,0,1/4,1/9,1/4,1/4,16/25,1/9,1/4,1/4,16/25,1/4,9/25,16/25,1
1,0,0,0,0,0,1,0,0,0,1,0,1,0,1,0,0,1,0,0,0,0,0,1/9,0,0,0,1/9,0,1/9,0,1/4,0,0,1,0,1,0,1,0,1,0,1,0,1,0,1,0,0,0,0,1/9,0,1/9,0,1/4,0,1/9,0,1/4,0,1/4,0,9/25,0,1,0,0,0,0,0,1/9,0,0,0,1/9,0,1/9,0,1/4,1,1,0,0,0,0,1/9,1/4,0,0,1/9,1/4,1/9,1/4,1/4,16/25,0,0,0,1/9,0,1/9,0,1/4,0,1/9,0,1/4,0,1/4,0,9/25,0,0,1/9,1/4,1/9,1/4,1/4,16/25,1/9,1/4,1/4,16/25,1/4,16/25,9/25,1
1,0,0,1,0,1,1,1,0,1,1,1,1,1,1,1,0,0,0,0,0,0,0,0,0,0,0,0,0,0,0,0,0,1,1,1,1,1,1,1,1,1,1,1,1,1,1,1,0,0,0,0,0,0,0,0,0,0,0,0,0,0,0,0,0,0,0,0,0,0,0,0,0,0,0,0,0,0,0,0,1,0,0,1/9,0,1/9,1/9,1/4,0,1/9,1/9,1/4,1/9,1/4,1/4,9/25,0,0,0,0,0,0,0,0,0,0,0,0,0,0,0,0,0,1/9,1/9,1/4,1/9,1/4,1/4,9/25,1/9,1/4,1/4,9/25,1/4,9/25,9/25,4/9
1,0,0,1,0,1,1,1,0,1,1,1,1,1,1,1,0,0,0,0,0,0,0,0,0,0,0,0,0,0,0,0,0,0,0,0,0,0,0,0,0,0,0,0,0,0,0,0,1,0,0,1/9,0,1/9,1/9,1/4,0,1/9,1/9,1/4,1/9,1/4,1/4,9/25,0,1,1,1,1,1,1,1,1,1,1,1,1,1,1,1,0,0,0,0,0,0,0,0,0,0,0,0,0,0,0,0,0,0,0,0,0,0,0,0,0,0,0,0,0,0,0,0,0,1/9,1/9,1/4,1/9,1/4,1/4,9/25,1/9,1/4,1/4,9/25,1/4,9/25,9/25,4/9
1,0,0,0,0,0,1,0,0,0,1,0,1,0,1,0,0,1,0,0,0,0,0,1/9,0,0,0,1/9,0,1/9,0,1/4,0,1,0,0,0,0,0,1/9,0,0,0,1/9,0,1/9,0,1/4,1,1,0,0,0,0,1/9,1/4,0,0,1/9,1/4,1/9,1/4,1/4,16/25,0,0,1,0,1,0,1,0,1,0,1,0,1,0,1,0,0,0,0,1/9,0,1/9,0,1/4,0,1/9,0,1/4,0,1/4,0,9/25,0,0,0,1/9,0,1/9,0,1/4,0,1/9,0,1/4,0,1/4,0,9/25,0,0,1/9,1/4,1/9,1/4,1/4,16/25,1/9,1/4,1/4,16/25,1/4,16/25,9/25,1
1,0,0,0,0,1,0,0,0,1,0,0,1,1,0,0,0,0,1,0,0,0,0,1/9,0,0,0,1/9,0,0,1/9,1/4,0,0,1,0,0,0,0,1/9,0,0,0,1/9,0,0,1/9,1/4,1,0,1,0,0,1/9,0,1/4,0,1/9,0,1/4,1/9,1/4,1/4,16/25,0,1,0,0,1,1,0,0,1,1,0,0,1,1,0,0,0,0,0,1/9,0,0,1/9,1/4,0,0,1/9,1/4,0,0,1/4,9/25,0,0,0,1/9,0,0,1/9,1/4,0,0,1/9,1/4,0,0,1/4,9/25,0,1/9,0,1/4,1/9,1/4,1/4,16/25,1/9,1/4,1/4,16/25,1/4,9/25,16/25,1
1,0,0,1,0,0,0,0,0,0,0,0,1,0,0,1/9,0,1,1,1,0,0,0,0,0,0,0,0,0,1/9,1/9,1/4,0,1,1,1,0,0,0,0,0,0,0,0,0,1/9,1/9,1/4,1,1,1,1,0,0,0,0,0,0,0,0,1/9,1/4,1/4,9/25,0,0,0,0,1,0,0,1/9,1,0,0,1/9,1,0,0,1/4,0,0,0,0,0,1/9,1/9,1/4,0,1/9,1/9,1/4,0,1/4,1/4,16/25,0,0,0,0,0,1/9,1/9,1/4,0,1/9,1/9,1/4,0,1/4,1/4,16/25,0,0,0,0,1/9,1/4,1/4,9/25,1/9,1/4,1/4,9/25,1/4,16/25,16/25,1
1,0,0,1,0,0,0,0,0,1,1,1,0,0,0,0,0,0,0,0,1,0,0,1/9,0,0,0,0,0,1/9,1/9,1/4,0,0,0,0,1,0,0,1/9,0,0,0,0,0,1/9,1/9,1/4,1,0,0,1/9,1,0,0,1/4,0,1/9,1/9,1/4,0,1/4,1/4,16/25,0,1,1,1,0,0,0,0,1,1,1,1,0,0,0,0,0,0,0,0,0,1/9,1/9,1/4,0,0,0,0,1/9,1/4,1/4,9/25,0,0,0,0,0,1/9,1/9,1/4,0,0,0,0,1/9,1/4,1/4,9/25,0,1/9,1/9,1/4,0,1/4,1/4,16/25,1/9,1/4,1/4,9/25,1/4,16/25,16/25,1
1,0,0,0,0,1,0,0,0,0,1,0,0,0,0,1/9,0,1,0,0,1,1,0,0,0,0,0,1/9,0,0,1/9,1/4,0,1,0,0,1,1,0,0,0,0,0,1/9,0,0,1/9,1/4,1,1,0,0,1,1,0,0,0,0,1/9,1/4,0,0,1/4,9/25,0,0,1,0,0,0,0,1/9,1,0,1,0,0,1/9,0,1/4,0,0,0,1/9,0,0,1/9,1/4,0,1/9,0,1/4,1/9,1/4,1/4,16/25,0,0,0,1/9,0,0,1/9,1/4,0,1/9,0,1/4,1/9,1/4,1/4,16/25,0,0,1/9,1/4,0,0,1/4,9/25,1/9,1/4,1/4,16/25,1/4,9/25,16/25,1
1,0,0,0,0,0,1,0,0,1,0,0,0,0,0,1/9,0,0,1,0,1,0,1,0,0,0,0,1/9,0,1/9,0,1/4,0,0,1,0,1,0,1,0,0,0,0,1/9,0,1/9,0,1/4,1,0,1,0,1,0,1,0,0,1/9,0,1/4,0,1/4,0,9/25,0,1,0,0,0,0,0,1/9,1,1,0,0,0,0,1/9,1/4,0,0,0,1/9,0,1/9,0,1/4,0,0,1/9,1/4,1/9,1/4,1/4,16/25,0,0,0,1/9,0,1/9,0,1/4,0,0,1/9,1/4,1/9,1/4,1/4,16/25,0,1/9,0,1/4,0,1/4,0,9/25,1/9,1/4,1/4,16/25,1/4,16/25,9/25,1
1,0,0,1,0,1,1,1,0,0,0,0,0,0,0,0,0,1,1,1,1,1,1,1,0,0,0,0,0,0,0,0,0,1,1,1,1,1,1,1,0,0,0,0,0,0,0,0,1,1,1,1,1,1,1,1,0,0,0,0,0,0,0,0,0,0,0,0,0,0,0,0,1,0,0,1/9,0,1/9,1/9,1/4,0,0,0,0,0,0,0,0,0,1/9,1/9,1/4,1/9,1/4,1/4,9/25,0,0,0,0,0,0,0,0,0,1/9,1/9,1/4,1/9,1/4,1/4,9/25,0,0,0,0,0,0,0,0,1/9,1/4,1/4,9/25,1/4,9/25,9/25,4/9
1,0,0,1,0,1,1,1,0,0,0,0,0,0,0,0,0,0,0,0,0,0,0,0,1,0,0,1/9,0,1/9,1/9,1/4,0,0,0,0,0,0,0,0,1,0,0,1/9,0,1/9,1/9,1/4,1,0,0,1/9,0,1/9,1/9,1/4,1,0,0,1/4,0,1/4,1/4,16/25,0,1,1,1,1,1,1,1,0,0,0,0,0,0,0,0,0,0,0,0,0,0,0,0,0,1/9,1/9,1/4,1/9,1/4,1/4,9/25,0,0,0,0,0,0,0,0,0,1/9,1/9,1/4,1/9,1/4,1/4,9/25,0,1/9,1/9,1/4,1/9,1/4,1/4,9/25,0,1/4,1/4,16/25,1/4,16/25,16/25,1
1,0,0,0,0,0,1,0,0,1,0,0,0,0,0,1/9,0,1,0,0,0,0,0,1/9,1,1,0,0,0,0,1/9,1/4,0,1,0,0,0,0,0,1/9,1,1,0,0,0,0,1/9,1/4,1,1,0,0,0,0,1/9,1/4,1,1,0,0,0,0,1/4,9/25,0,0,1,0,1,0,1,0,0,0,0,1/9,0,1/9,0,1/4,0,0,0,1/9,0,1/9,0,1/4,0,0,1/9,1/4,1/9,1/4,1/4,16/25,0,0,0,1/9,0,1/9,0,1/4,0,0,1/9,1/4,1/9,1/4,1/4,16/25,0,0,1/9,1/4,1/9,1/4,1/4,16/25,0,0,1/4,9/25,1/4,9/25,16/25,1
1,0,0,0,0,1,0,0,0,0,1,0,0,0,0,1/9,0,0,1,0,0,0,0,1/9,1,0,1,0,0,1/9,0,1/4,0,0,1,0,0,0,0,1/9,1,0,1,0,0,1/9,0,1/4,1,0,1,0,0,1/9,0,1/4,1,0,1,0,0,1/4,0,9/25,0,1,0,0,1,1,0,0,0,0,0,1/9,0,0,1/9,1/4,0,0,0,1/9,0,0,1/9,1/4,0,1/9,0,1/4,1/9,1/4,1/4,16/25,0,0,0,1/9,0,0,1/9,1/4,0,1/9,0,1/4,1/9,1/4,1/4,16/25,0,1/9,0,1/4,1/9,1/4,1/4,16/25,0,1/4,0,9/25,1/4,16/25,9/25,1
1,0,0,1,0,0,0,0,0,1,1,1,0,0,0,0,0,1,1,1,0,0,0,0,1,1,1,1,0,0,0,0,0,1,1,1,0,0,0,0,1,1,1,1,0,0,0,0,1,1,1,1,0,0,0,0,1,1,1,1,0,0,0,0,0,0,0,0,1,0,0,1/9,0,0,0,0,0,1/9,1/9,1/4,0,0,0,0,0,1/9,1/9,1/4,0,0,0,0,1/9,1/4,1/4,9/25,0,0,0,0,0,1/9,1/9,1/4,0,0,0,0,1/9,1/4,1/4,9/25,0,0,0,0,1/9,1/4,1/4,9/25,0,0,0,0,1/4,9/25,9/25,4/9
1,0,0,1,0,0,0,0,0,0,0,0,1,0,0,1/9,0,0,0,0,1,0,0,1/9,1,0,0,1/9,1,0,0,1/4,0,0,0,0,1,0,0,1/9,1,0,0,1/9,1,0,0,1/4,1,0,0,1/9,1,0,0,1/4,1,0,0,1/4,1,0,0,9/25,0,1,1,1,0,0,0,0,0,0,0,0,0,1/9,1/9,1/4,0,0,0,0,0,1/9,1/9,1/4,0,1/9,1/9,1/4,0,1/4,1/4,16/25,0,0,0,0,0,1/9,1/9,1/4,0,1/9,1/9,1/4,0,1/4,1/4,16/25,0,1/9,1/9,1/4,0,1/4,1/4,16/25,0,1/4,1/4,16/25,0,9/25,9/25,1
1,0,0,0,0,1,0,0,0,1,0,0,1,1,0,0,0,1,0,0,1,1,0,0,1,1,0,0,1,1,0,0,0,1,0,0,1,1,0,0,1,1,0,0,1,1,0,0,1,1,0,0,1,1,0,0,1,1,0,0,1,1,0,0,0,0,1,0,0,0,0,1/9,0,0,0,1/9,0,0,1/9,1/4,0,0,0,1/9,0,0,1/9,1/4,0,0,1/9,1/4,0,0,1/4,9/25,0,0,0,1/9,0,0,1/9,1/4,0,0,1/9,1/4,0,0,1/4,9/25,0,0,1/9,1/4,0,0,1/4,9/25,0,0,1/4,9/25,0,0,9/25,4/9
1,0,0,0,0,0,1,0,0,0,1,0,1,0,1,0,0,0,1,0,1,0,1,0,1,0,1,0,1,0,1,0,0,0,1,0,1,0,1,0,1,0,1,0,1,0,1,0,1,0,1,0,1,0,1,0,1,0,1,0,1,0,1,0,0,1,0,0,0,0,0,1/9,0,0,0,1/9,0,1/9,0,1/4,0,0,0,1/9,0,1/9,0,1/4,0,1/9,0,1/4,0,1/4,0,9/25,0,0,0,1/9,0,1/9,0,1/4,0,1/9,0,1/4,0,1/4,0,9/25,0,1/9,0,1/4,0,1/4,0,9/25,0,1/4,0,9/25,0,9/25,0,4/9
1,0,0,1,0,1,1,1,0,1,1,1,1,1,1,1,0,1,1,1,1,1,1,1,1,1,1,1,1,1,1,1,0,1,1,1,1,1,1,1,1,1,1,1,1,1,1,1,1,1,1,1,1,1,1,1,1,1,1,1,1,1,1,1,0,0,0,0,0,0,0,0,0,0,0,0,0,0,0,0,0,0,0,0,0,0,0,0,0,0,0,0,0,0,0,0,0,0,0,0,0,0,0,0,0,0,0,0,0,0,0,0,0,0,0,0,0,0,0,0,0,0,0,0,0,0,0,0
0,1,0,0,0,0,0,0,0,0,0,0,0,0,0,0,0,0,0,0,0,0,0,0,0,0,0,0,0,0,0,0,0,0,0,0,0,0,0,0,0,0,0,0,0,0,0,0,0,0,0,0,0,0,0,0,0,0,0,0,0,0,0,0,0,0,0,0,0,0,0,0,0,0,0,0,0,0,0,0,0,0,0,0,0,0,0,0,0,0,0,0,0,0,0,0,0,0,0,0,0,0,0,0,0,0,0,0,0,0,0,0,0,0,0,0,0,0,0,0,0,0,0,0,0,0,0,0
0,0,1,0,0,0,0,0,0,0,0,0,0,0,0,0,0,0,0,0,0,0,0,0,0,0,0,0,0,0,0,0,0,0,0,0,0,0,0,0,0,0,0,0,0,0,0,0,0,0,0,0,0,0,0,0,0,0,0,0,0,0,0,0,0,0,0,0,0,0,0,0,0,0,0,0,0,0,0,0,0,0,0,0,0,0,0,0,0,0,0,0,0,0,0,0,0,0,0,0,0,0,0,0,0,0,0,0,0,0,0,0,0,0,0,0,0,0,0,0,0,0,0,0,0,0,0,0
0,0,0,0,1,0,0,0,0,0,0,0,0,0,0,0,0,0,0,0,0,0,0,0,0,0,0,0,0,0,0,0,0,0,0,0,0,0,0,0,0,0,0,0,0,0,0,0,0,0,0,0,0,0,0,0,0,0,0,0,0,0,0,0,0,0,0,0,0,0,0,0,0,0,0,0,0,0,0,0,0,0,0,0,0,0,0,0,0,0,0,0,0,0,0,0,0,0,0,0,0,0,0,0,0,0,0,0,0,0,0,0,0,0,0,0,0,0,0,0,0,0,0,0,0,0,0,0
0,0,0,0,0,0,0,0,1,0,0,0,0,0,0,0,0,0,0,0,0,0,0,0,0,0,0,0,0,0,0,0,0,0,0,0,0,0,0,0,0,0,0,0,0,0,0,0,0,0,0,0,0,0,0,0,0,0,0,0,0,0,0,0,0,0,0,0,0,0,0,0,0,0,0,0,0,0,0,0,0,0,0,0,0,0,0,0,0,0,0,0,0,0,0,0,0,0,0,0,0,0,0,0,0,0,0,0,0,0,0,0,0,0,0,0,0,0,0,0,0,0,0,0,0,0,0,0
0,0,0,0,0,0,0,0,0,0,0,0,0,0,0,0,1,0,0,0,0,0,0,0,0,0,0,0,0,0,0,0,0,0,0,0,0,0,0,0,0,0,0,0,0,0,0,0,0,0,0,0,0,0,0,0,0,0,0,0,0,0,0,0,0,0,0,0,0,0,0,0,0,0,0,0,0,0,0,0,0,0,0,0,0,0,0,0,0,0,0,0,0,0,0,0,0,0,0,0,0,0,0,0,0,0,0,0,0,0,0,0,0,0,0,0,0,0,0,0,0,0,0,0,0,0,0,0
0,0,0,0,0,0,0,0,0,0,0,0,0,0,0,0,0,0,0,0,0,0,0,0,0,0,0,0,0,0,0,0,1,0,0,0,0,0,0,0,0,0,0,0,0,0,0,0,0,0,0,0,0,0,0,0,0,0,0,0,0,0,0,0,0,0,0,0,0,0,0,0,0,0,0,0,0,0,0,0,0,0,0,0,0,0,0,0,0,0,0,0,0,0,0,0,0,0,0,0,0,0,0,0,0,0,0,0,0,0,0,0,0,0,0,0,0,0,0,0,0,0,0,0,0,0,0,0
0,0,0,0,0,0,0,0,0,0,0,0,0,0,0,0,0,0,0,0,0,0,0,0,0,0,0,0,0,0,0,0,0,0,0,0,0,0,0,0,0,0,0,0,0,0,0,0,0,0,0,0,0,0,0,0,0,0,0,0,0,0,0,0,1,0,0,0,0,0,0,0,0,0,0,0,0,0,0,0,0,0,0,0,0,0,0,0,0,0,0,0,0,0,0,0,0,0,0,0,0,0,0,0,0,0,0,0,0,0,0,0,0,0,0,0,0,0,0,0,0,0,0,0,0,0,0,0
0,0,0,0,0,0,0,1,0,0,0,1,0,0,0,8/9,0,0,0,1,0,0,0,8/9,0,0,0,8/9,0,0,0,3/4,0,0,0,1,0,0,0,8/9,0,0,0,8/9,0,0,0,3/4,0,0,0,8/9,0,0,0,3/4,0,0,0,3/4,0,0,0,16/25,0,0,0,1,0,0,0,8/9,0,0,0,8/9,0,0,0,3/4,0,0,0,8/9,0,0,0,3/4,0,0,0,3/4,0,0,0,16/25,0,0,0,8/9,0,0,0,3/4,0,0,0,3/4,0,0,0,16/25,0,0,0,3/4,0,0,0,16/25,0,0,0,16/25,0,0,0,5/9
0,0,0,0,0,0,0,1,0,0,0,0,0,1,0,8/9,0,0,0,0,0,1,0,8/9,0,0,0,0,0,8/9,0,3/4,0,0,0,0,0,1,0,8/9,0,0,0,0,0,8/9,0,3/4,0,0,0,0,0,8/9,0,3/4,0,0,0,0,0,3/4,0,16/25,0,0,0,0,0,1,0,8/9,0,0,0,0,0,8/9,0,3/4,0,0,0,0,0,8/9,0,3/4,0,0,0,0,0,3/4,0,16/25,0,0,0,0,0,8/9,0,3/4,0,0,0,0,0,3/4,0,16/25,0,0,0,0,0,3/4,0,16/25,0,0,0,0,0,16/25,0,5/9
0,0,0,0,0,0,0,0,0,0,0,1,0,1,0,8/9,0,0,0,0,0,0,0,0,0,1,0,8/9,0,8/9,0,3/4,0,0,0,0,0,0,0,0,0,1,0,8/9,0,8/9,0,3/4,0,0,0,0,0,0,0,0,0,8/9,0,3/4,0,3/4,0,16/25,0,0,0,0,0,0,0,0,0,1,0,8/9,0,8/9,0,3/4,0,0,0,0,0,0,0,0,0,8/9,0,3/4,0,3/4,0,16/25,0,0,0,0,0,0,0,0,0,8/9,0,3/4,0,3/4,0,16/25,0,0,0,0,0,0,0,0,0,3/4,0,16/25,0,16/25,0,5/9
0,0,0,0,0,0,0,0,0,0,0,0,0,0,0,0,0,0,0,1,0,1,0,8/9,0,1,0,8/9,0,8/9,0,3/4,0,0,0,0,0,0,0,0,0,0,0,0,0,0,0,0,0,1,0,8/9,0,8/9,0,3/4,0,8/9,0,3/4,0,3/4,0,16/25,0,0,0,0,0,0,0,0,0,0,0,0,0,0,0,0,0,1,0,8/9,0,8/9,0,3/4,0,8/9,0,3/4,0,3/4,0,16/25,0,0,0,0,0,0,0,0,0,0,0,0,0,0,0,0,0,8/9,0,3/4,0,3/4,0,16/25,0,3/4,0,16/25,0,16/25,0,5/9
0,0,0,0,0,0,0,0,0,0,0,0,0,0,0,0,0,0,0,0,0,0,0,0,0,0,0,0,0,0,0,0,0,0,0,1,0,1,0,8/9,0,1,0,8/9,0,8/9,0,3/4,0,1,0,8/9,0,8/9,0,3/4,0,8/9,0,3/4,0,3/4,0,16/25,0,0,0,0,0,0,0,0,0,0,0,0,0,0,0,0,0,0,0,0,0,0,0,0,0,0,0,0,0,0,0,0,0,1,0,8/9,0,8/9,0,3/4,0,8/9,0,3/4,0,3/4,0,16/25,0,8/9,0,3/4,0,3/4,0,16/25,0,3/4,0,16/25,0,16/25,0,5/9
0,0,0,0,0,0,0,0,0,0,0,0,0,0,0,0,0,0,0,0,0,0,0,0,0,0,0,0,0,0,0,0,0,0,0,0,0,0,0,0,0,0,0,0,0,0,0,0,0,0,0,0,0,0,0,0,0,0,0,0,0,0,0,0,0,0,0,1,0,1,0,8/9,0,1,0,8/9,0,8/9,0,3/4,0,1,0,8/9,0,8/9,0,3/4,0,8/9,0,3/4,0,3/4,0,16/25,0,1,0,8/9,0,8/9,0,3/4,0,8/9,0,3/4,0,3/4,0,16/25,0,8/9,0,3/4,0,3/4,0,16/25,0,3/4,0,16/25,0,16/25,0,5/9
0,0,0,0,0,0,0,1,0,0,0,0,0,0,1,8/9,0,0,0,0,0,0,1,8/9,0,0,0,0,0,0,8/9,3/4,0,0,0,0,0,0,1,8/9,0,0,0,0,0,0,8/9,3/4,0,0,0,0,0,0,8/9,3/4,0,0,0,0,0,0,3/4,16/25,0,0,0,0,0,0,1,8/9,0,0,0,0,0,0,8/9,3/4,0,0,0,0,0,0,8/9,3/4,0,0,0,0,0,0,3/4,16/25,0,0,0,0,0,0,8/9,3/4,0,0,0,0,0,0,3/4,16/25,0,0,0,0,0,0,3/4,16/25,0,0,0,0,0,0,16/25,5/9
0,0,0,0,0,0,0,0,0,0,0,1,0,0,1,8/9,0,0,0,0,0,0,0,0,0,0,1,8/9,0,0,8/9,3/4,0,0,0,0,0,0,0,0,0,0,1,8/9,0,0,8/9,3/4,0,0,0,0,0,0,0,0,0,0,8/9,3/4,0,0,3/4,16/25,0,0,0,0,0,0,0,0,0,0,1,8/9,0,0,8/9,3/4,0,0,0,0,0,0,0,0,0,0,8/9,3/4,0,0,3/4,16/25,0,0,0,0,0,0,0,0,0,0,8/9,3/4,0,0,3/4,16/25,0,0,0,0,0,0,0,0,0,0,3/4,16/25,0,0,16/25,5/9
0,0,0,0,0,0,0,0,0,0,0,0,0,0,0,0,0,0,0,1,0,0,1,8/9,0,0,1,8/9,0,0,8/9,3/4,0,0,0,0,0,0,0,0,0,0,0,0,0,0,0,0,0,0,1,8/9,0,0,8/9,3/4,0,0,8/9,3/4,0,0,3/4,16/25,0,0,0,0,0,0,0,0,0,0,0,0,0,0,0,0,0,0,1,8/9,0,0,8/9,3/4,0,0,8/9,3/4,0,0,3/4,16/25,0,0,0,0,0,0,0,0,0,0,0,0,0,0,0,0,0,0,8/9,3/4,0,0,3/4,16/25,0,0,3/4,16/25,0,0,16/25,5/9
0,0,0,0,0,0,0,0,0,0,0,0,0,0,0,0,0,0,0,0,0,0,0,0,0,0,0,0,0,0,0,0,0,0,0,1,0,0,1,8/9,0,0,1,8/9,0,0,8/9,3/4,0,0,1,8/9,0,0,8/9,3/4,0,0,8/9,3/4,0,0,3/4,16/25,0,0,0,0,0,0,0,0,0,0,0,0,0,0,0,0,0,0,0,0,0,0,0,0,0,0,0,0,0,0,0,0,0,0,1,8/9,0,0,8/9,3/4,0,0,8/9,3/4,0,0,3/4,16/25,0,0,8/9,3/4,0,0,3/4,16/25,0,0,3/4,16/25,0,0,16/25,5/9
0,0,0,0,0,0,0,0,0,0,0,0,0,0,0,0,0,0,0,0,0,0,0,0,0,0,0,0,0,0,0,0,0,0,0,0,0,0,0,0,0,0,0,0,0,0,0,0,0,0,0,0,0,0,0,0,0,0,0,0,0,0,0,0,0,0,0,1,0,0,1,8/9,0,0,1,8/9,0,0,8/9,3/4,0,0,1,8/9,0,0,8/9,3/4,0,0,8/9,3/4,0,0,3/4,16/25,0,0,1,8/9,0,0,8/9,3/4,0,0,8/9,3/4,0,0,3/4,16/25,0,0,8/9,3/4,0,0,3/4,16/25,0,0,3/4,16/25,0,0,16/25,5/9
0,0,0,0,0,0,0,0,0,0,0,0,0,1,1,8/9,0,0,0,0,0,0,0,0,0,0,0,0,1,8/9,8/9,3/4,0,0,0,0,0,0,0,0,0,0,0,0,1,8/9,8/9,3/4,0,0,0,0,0,0,0,0,0,0,0,0,8/9,3/4,3/4,16/25,0,0,0,0,0,0,0,0,0,0,0,0,1,8/9,8/9,3/4,0,0,0,0,0,0,0,0,0,0,0,0,8/9,3/4,3/4,16/25,0,0,0,0,0,0,0,0,0,0,0,0,8/9,3/4,3/4,16/25,0,0,0,0,0,0,0,0,0,0,0,0,3/4,16/25,16/25,5/9
0,0,0,0,0,0,0,0,0,0,0,0,0,0,0,0,0,0,0,0,0,1,1,8/9,0,0,0,0,1,8/9,8/9,3/4,0,0,0,0,0,0,0,0,0,0,0,0,0,0,0,0,0,0,0,0,1,8/9,8/9,3/4,0,0,0,0,8/9,3/4,3/4,16/25,0,0,0,0,0,0,0,0,0,0,0,0,0,0,0,0,0,0,0,0,1,8/9,8/9,3/4,0,0,0,0,8/9,3/4,3/4,16/25,0,0,0,0,0,0,0,0,0,0,0,0,0,0,0,0,0,0,0,0,8/9,3/4,3/4,16/25,0,0,0,0,3/4,16/25,16/25,5/9
0,0,0,0,0,0,0,0,0,0,0,0,0,0,0,0,0,0,0,0,0,0,0,0,0,0,0,0,0,0,0,0,0,0,0,0,0,1,1,8/9,0,0,0,0,1,8/9,8/9,3/4,0,0,0,0,1,8/9,8/9,3/4,0,0,0,0,8/9,3/4,3/4,16/25,0,0,0,0,0,0,0,0,0,0,0,0,0,0,0,0,0,0,0,0,0,0,0,0,0,0,0,0,0,0,0,0,0,0,0,0,1,8/9,8/9,3/4,0,0,0,0,8/9,3/4,3/4,16/25,0,0,0,0,8/9,3/4,3/4,16/25,0,0,0,0,3/4,16/25,16/25,5/9
0,0,0,0,0,0,0,0,0,0,0,0,0,0,0,0,0,0,0,0,0,0,0,0,0,0,0,0,0,0,0,0,0,0,0,0,0,0,0,0,0,0,0,0,0,0,0,0,0,0,0,0,0,0,0,0,0,0,0,0,0,0,0,0,0,0,0,0,0,1,1,8/9,0,0,0,0,1,8/9,8/9,3/4,0,0,0,0,1,8/9,8/9,3/4,0,0,0,0,8/9,3/4,3/4,16/25,0,0,0,0,1,8/9,8/9,3/4,0,0,0,0,8/9,3/4,3/4,16/25,0,0,0,0,8/9,3/4,3/4,16/25,0,0,0,0,3/4,16/25,16/25,5/9
0,0,0,0,0,0,0,0,0,0,0,0,0,0,0,0,0,0,0,0,0,0,0,0,0,1,1,8/9,1,8/9,8/9,3/4,0,0,0,0,0,0,0,0,0,0,0,0,0,0,0,0,0,0,0,0,0,0,0,0,1,8/9,8/9,3/4,8/9,3/4,3/4,16/25,0,0,0,0,0,0,0,0,0,0,0,0,0,0,0,0,0,0,0,0,0,0,0,0,1,8/9,8/9,3/4,8/9,3/4,3/4,16/25,0,0,0,0,0,0,0,0,0,0,0,0,0,0,0,0,0,0,0,0,0,0,0,0,8/9,3/4,3/4,16/25,3/4,16/25,16/25,5/9
0,0,0,0,0,0,0,0,0,0,0,0,0,0,0,0,0,0,0,0,0,0,0,0,0,0,0,0,0,0,0,0,0,0,0,0,0,0,0,0,0,1,1,8/9,1,8/9,8/9,3/4,0,0,0,0,0,0,0,0,1,8/9,8/9,3/4,8/9,3/4,3/4,16/25,0,0,0,0,0,0,0,0,0,0,0,0,0,0,0,0,0,0,0,0,0,0,0,0,0,0,0,0,0,0,0,0,0,0,0,0,0,0,0,0,1,8/9,8/9,3/4,8/9,3/4,3/4,16/25,0,0,0,0,0,0,0,0,8/9,3/4,3/4,16/25,3/4,16/25,16/25,5/9
0,0,0,0,0,0,0,0,0,0,0,0,0,0,0,0,0,0,0,0,0,0,0,0,0,0,0,0,0,0,0,0,0,0,0,0,0,0,0,0,0,0,0,0,0,0,0,0,0,0,0,0,0,0,0,0,0,0,0,0,0,0,0,0,0,0,0,0,0,0,0,0,0,1,1,8/9,1,8/9,8/9,3/4,0,0,0,0,0,0,0,0,1,8/9,8/9,3/4,8/9,3/4,3/4,16/25,0,0,0,0,0,0,0,0,1,8/9,8/9,3/4,8/9,3/4,3/4,16/25,0,0,0,0,0,0,0,0,8/9,3/4,3/4,16/25,3/4,16/25,16/25,5/9
0,0,0,0,0,0,0,0,0,0,0,0,0,0,0,0,0,0,0,0,0,0,0,0,0,0,0,0,0,0,0,0,0,0,0,0,0,0,0,0,0,0,0,0,0,0,0,0,0,1,1,8/9,1,8/9,8/9,3/4,1,8/9,8/9,3/4,8/9,3/4,3/4,16/25,0,0,0,0,0,0,0,0,0,0,0,0,0,0,0,0,0,0,0,0,0,0,0,0,0,0,0,0,0,0,0,0,0,0,0,0,0,0,0,0,0,0,0,0,0,0,0,0,1,8/9,8/9,3/4,8/9,3/4,3/4,16/25,8/9,3/4,3/4,16/25,3/4,16/25,16/25,5/9
0,0,0,0,0,0,0,0,0,0,0,0,0,0,0,0,0,0,0,0,0,0,0,0,0,0,0,0,0,0,0,0,0,0,0,0,0,0,0,0,0,0,0,0,0,0,0,0,0,0,0,0,0,0,0,0,0,0,0,0,0,0,0,0,0,0,0,0,0,0,0,0,0,0,0,0,0,0,0,0,0,1,1,8/9,1,8/9,8/9,3/4,1,8/9,8/9,3/4,8/9,3/4,3/4,16/25,0,0,0,0,0,0,0,0,0,0,0,0,0,0,0,0,1,8/9,8/9,3/4,8/9,3/4,3/4,16/25,8/9,3/4,3/4,16/25,3/4,16/25,16/25,5/9
0,0,0,0,0,0,0,0,0,0,0,0,0,0,0,0,0,0,0,0,0,0,0,0,0,0,0,0,0,0,0,0,0,0,0,0,0,0,0,0,0,0,0,0,0,0,0,0,0,0,0,0,0,0,0,0,0,0,0,0,0,0,0,0,0,0,0,0,0,0,0,0,0,0,0,0,0,0,0,0,0,0,0,0,0,0,0,0,0,0,0,0,0,0,0,0,0,1,1,8/9,1,8/9,8/9,3/4,1,8/9,8/9,3/4,8/9,3/4,3/4,16/25,1,8/9,8/9,3/4,8/9,3/4,3/4,16/25,8/9,3/4,3/4,16/25,3/4,16/25,16/25,5/9
0,0,0,0,0,0,0,0,0,0,0,0,0,0,0,4/3,0,0,0,0,0,0,0,0,0,0,0,0,0,0,0,3/4,0,0,0,0,0,0,0,0,0,0,0,0,0,0,0,3/4,0,0,0,0,0,0,0,0,0,0,0,0,0,0,0,12/25,0,0,0,0,0,0,0,0,0,0,0,0,0,0,0,3/4,0,0,0,0,0,0,0,0,0,0,0,0,0,0,0,12/25,0,0,0,0,0,0,0,0,0,0,0,0,0,0,0,12/25,0,0,0,0,0,0,0,0,0,0,0,0,0,0,0,1/3
0,0,0,0,0,0,0,0,0,0,0,0,0,0,0,0,0,0,0,0,0,0,0,4/3,0,0,0,0,0,0,0,3/4,0,0,0,0,0,0,0,0,0,0,0,0,0,0,0,0,0,0,0,0,0,0,0,3/4,0,0,0,0,0,0,0,12/25,0,0,0,0,0,0,0,0,0,0,0,0,0,0,0,0,0,0,0,0,0,0,0,3/4,0,0,0,0,0,0,0,12/25,0,0,0,0,0,0,0,0,0,0,0,0,0,0,0,0,0,0,0,0,0,0,0,12/25,0,0,0,0,0,0,0,1/3
0,0,0,0,0,0,0,0,0,0,0,0,0,0,0,0,0,0,0,0,0,0,0,0,0,0,0,0,0,0,0,0,0,0,0,0,0,0,0,4/3,0,0,0,0,0,0,0,3/4,0,0,0,0,0,0,0,3/4,0,0,0,0,0,0,0,12/25,0,0,0,0,0,0,0,0,0,0,0,0,0,0,0,0,0,0,0,0,0,0,0,0,0,0,0,0,0,0,0,0,0,0,0,0,0,0,0,3/4,0,0,0,0,0,0,0,12/25,0,0,0,0,0,0,0,12/25,0,0,0,0,0,0,0,1/3
0,0,0,0,0,0,0,0,0,0,0,0,0,0,0,0,0,0,0,0,0,0,0,0,0,0,0,0,0,0,0,0,0,0,0,0,0,0,0,0,0,0,0,0,0,0,0,0,0,0,0,0,0,0,0,0,0,0,0,0,0,0,0,0,0,0,0,0,0,0,0,4/3,0,0,0,0,0,0,0,3/4,0,0,0,0,0,0,0,3/4,0,0,0,0,0,0,0,12/25,0,0,0,0,0,0,0,3/4,0,0,0,0,0,0,0,12/25,0,0,0,0,0,0,0,12/25,0,0,0,0,0,0,0,1/3
0,0,0,0,0,0,0,0,0,0,0,0,0,0,0,0,0,0,0,0,0,0,0,0,0,0,0,4/3,0,0,0,3/4,0,0,0,0,0,0,0,0,0,0,0,0,0,0,0,0,0,0,0,0,0,0,0,0,0,0,0,3/4,0,0,0,12/25,0,0,0,0,0,0,0,0,0,0,0,0,0,0,0,0,0,0,0,0,0,0,0,0,0,0,0,3/4,0,0,0,12/25,0,0,0,0,0,0,0,0,0,0,0,0,0,0,0,0,0,0,0,0,0,0,0,0,0,0,0,12/25,0,0,0,1/3
0,0,0,0,0,0,0,0,0,0,0,0,0,0,0,0,0,0,0,0,0,0,0,0,0,0,0,0,0,0,0,0,0,0,0,0,0,0,0,0,0,0,0,4/3,0,0,0,3/4,0,0,0,0,0,0,0,0,0,0,0,3/4,0,0,0,12/25,0,0,0,0,0,0,0,0,0,0,0,0,0,0,0,0,0,0,0,0,0,0,0,0,0,0,0,0,0,0,0,0,0,0,0,0,0,0,0,0,0,0,0,3/4,0,0,0,12/25,0,0,0,0,0,0,0,0,0,0,0,12/25,0,0,0,1/3
0,0,0,0,0,0,0,0,0,0,0,0,0,0,0,0,0,0,0,0,0,0,0,0,0,0,0,0,0,0,0,0,0,0,0,0,0,0,0,0,0,0,0,0,0,0,0,0,0,0,0,0,0,0,0,0,0,0,0,0,0,0,0,0,0,0,0,0,0,0,0,0,0,0,0,4/3,0,0,0,3/4,0,0,0,0,0,0,0,0,0,0,0,3/4,0,0,0,12/25,0,0,0,0,0,0,0,0,0,0,0,3/4,0,0,0,12/25,0,0,0,0,0,0,0,0,0,0,0,12/25,0,0,0,1/3
0,0,0,0,0,0,0,0,0,0,0,0,0,0,0,0,0,0,0,0,0,0,0,0,0,0,0,0,0,0,0,0,0,0,0,0,0,0,0,0,0,0,0,0,0,0,0,0,0,0,0,4/3,0,0,0,3/4,0,0,0,3/4,0,0,0,12/25,0,0,0,0,0,0,0,0,0,0,0,0,0,0,0,0,0,0,0,0,0,0,0,0,0,0,0,0,0,0,0,0,0,0,0,0,0,0,0,0,0,0,0,0,0,0,0,0,0,0,0,3/4,0,0,0,12/25,0,0,0,12/25,0,0,0,1/3
0,0,0,0,0,0,0,0,0,0,0,0,0,0,0,0,0,0,0,0,0,0,0,0,0,0,0,0,0,0,0,0,0,0,0,0,0,0,0,0,0,0,0,0,0,0,0,0,0,0,0,0,0,0,0,0,0,0,0,0,0,0,0,0,0,0,0,0,0,0,0,0,0,0,0,0,0,0,0,0,0,0,0,4/3,0,0,0,3/4,0,0,0,3/4,0,0,0,12/25,0,0,0,0,0,0,0,0,0,0,0,0,0,0,0,0,0,0,0,3/4,0,0,0,12/25,0,0,0,12/25,0,0,0,1/3
0,0,0,0,0,0,0,0,0,0,0,0,0,0,0,0,0,0,0,0,0,0,0,0,0,0,0,0,0,0,0,0,0,0,0,0,0,0,0,0,0,0,0,0,0,0,0,0,0,0,0,0,0,0,0,0,0,0,0,0,0,0,0,0,0,0,0,0,0,0,0,0,0,0,0,0,0,0,0,0,0,0,0,0,0,0,0,0,0,0,0,0,0,0,0,0,0,0,0,4/3,0,0,0,3/4,0,0,0,3/4,0,0,0,12/25,0,0,0,3/4,0,0,0,12/25,0,0,0,12/25,0,0,0,1/3
0,0,0,0,0,0,0,0,0,0,0,0,0,0,0,0,0,0,0,0,0,0,0,0,0,0,0,0,0,4/3,0,3/4,0,0,0,0,0,0,0,0,0,0,0,0,0,0,0,0,0,0,0,0,0,0,0,0,0,0,0,0,0,3/4,0,12/25,0,0,0,0,0,0,0,0,0,0,0,0,0,0,0,0,0,0,0,0,0,0,0,0,0,0,0,0,0,3/4,0,12/25,0,0,0,0,0,0,0,0,0,0,0,0,0,0,0,0,0,0,0,0,0,0,0,0,0,0,0,0,0,12/25,0,1/3
0,0,0,0,0,0,0,0,0,0,0,0,0,0,0,0,0,0,0,0,0,0,0,0,0,0,0,0,0,0,0,0,0,0,0,0,0,0,0,0,0,0,0,0,0,4/3,0,3/4,0,0,0,0,0,0,0,0,0,0,0,0,0,3/4,0,12/25,0,0,0,0,0,0,0,0,0,0,0,0,0,0,0,0,0,0,0,0,0,0,0,0,0,0,0,0,0,0,0,0,0,0,0,0,0,0,0,0,0,0,0,0,0,3/4,0,12/25,0,0,0,0,0,0,0,0,0,0,0,0,0,12/25,0,1/3
0,0,0,0,0,0,0,0,0,0,0,0,0,0,0,0,0,0,0,0,0,0,0,0,0,0,0,0,0,0,0,0,0,0,0,0,0,0,0,0,0,0,0,0,0,0,0,0,0,0,0,0,0,0,0,0,0,0,0,0,0,0,0,0,0,0,0,0,0,0,0,0,0,0,0,0,0,4/3,0,3/4,0,0,0,0,0,0,0,0,0,0,0,0,0,3/4,0,12/25,0,0,0,0,0,0,0,0,0,0,0,0,0,3/4,0,12/25,0,0,0,0,0,0,0,0,0,0,0,0,0,12/25,0,1/3
0,0,0,0,0,0,0,0,0,0,0,0,0,0,0,0,0,0,0,0,0,0,0,0,0,0,0,0,0,0,0,0,0,0,0,0,0,0,0,0,0,0,0,0,0,0,0,0,0,0,0,0,0,4/3,0,3/4,0,0,0,0,0,3/4,0,12/25,0,0,0,0,0,0,0,0,0,0,0,0,0,0,0,0,0,0,0,0,0,0,0,0,0,0,0,0,0,0,0,0,0,0,0,0,0,0,0,0,0,0,0,0,0,0,0,0,0,0,0,0,0,3/4,0,12/25,0,0,0,0,0,12/25,0,1/3
0,0,0,0,0,0,0,0,0,0,0,0,0,0,0,0,0,0,0,0,0,0,0,0,0,0,0,0,0,0,0,0,0,0,0,0,0,0,0,0,0,0,0,0,0,0,0,0,0,0,0,0,0,0,0,0,0,0,0,0,0,0,0,0,0,0,0,0,0,0,0,0,0,0,0,0,0,0,0,0,0,0,0,0,0,4/3,0,3/4,0,0,0,0,0,3/4,0,12/25,0,0,0,0,0,0,0,0,0,0,0,0,0,0,0,0,0,0,0,0,0,3/4,0,12/25,0,0,0,0,0,12/25,0,1/3
0,0,0,0,0,0,0,0,0,0,0,0,0,0,0,0,0,0,0,0,0,0,0,0,0,0,0,0,0,0,0,0,0,0,0,0,0,0,0,0,0,0,0,0,0,0,0,0,0,0,0,0,0,0,0,0,0,0,0,0,0,0,0,0,0,0,0,0,0,0,0,0,0,0,0,0,0,0,0,0,0,0,0,0,0,0,0,0,0,0,0,0,0,0,0,0,0,0,0,0,0,4/3,0,3/4,0,0,0,0,0,3/4,0,12/25,0,0,0,0,0,3/4,0,12/25,0,0,0,0,0,12/25,0,1/3
0,0,0,0,0,0,0,0,0,0,0,0,0,0,0,0,0,0,0,0,0,0,0,0,0,0,0,0,0,0,0,0,0,0,0,0,0,0,0,0,0,0,0,0,0,0,0,0,0,0,0,0,0,0,0,0,0,4/3,0,3/4,0,3/4,0,12/25,0,0,0,0,0,0,0,0,0,0,0,0,0,0,0,0,0,0,0,0,0,0,0,0,0,0,0,0,0,0,0,0,0,0,0,0,0,0,0,0,0,0,0,0,0,0,0,0,0,0,0,0,0,0,0,0,0,3/4,0,12/25,0,12/25,0,1/3
0,0,0,0,0,0,0,0,0,0,0,0,0,0,0,0,0,0,0,0,0,0,0,0,0,0,0,0,0,0,0,0,0,0,0,0,0,0,0,0,0,0,0,0,0,0,0,0,0,0,0,0,0,0,0,0,0,0,0,0,0,0,0,0,0,0,0,0,0,0,0,0,0,0,0,0,0,0,0,0,0,0,0,0,0,0,0,0,0,4/3,0,3/4,0,3/4,0,12/25,0,0,0,0,0,0,0,0,0,0,0,0,0,0,0,0,0,0,0,0,0,0,0,0,0,3/4,0,12/25,0,12/25,0,1/3
0,0,0,0,0,0,0,0,0,0,0,0,0,0,0,0,0,0,0,0,0,0,0,0,0,0,0,0,0,0,0,0,0,0,0,0,0,0,0,0,0,0,0,0,0,0,0,0,0,0,0,0,0,0,0,0,0,0,0,0,0,0,0,0,0,0,0,0,0,0,0,0,0,0,0,0,0,0,0,0,0,0,0,0,0,0,0,0,0,0,0,0,0,0,0,0,0,0,0,0,0,0,0,0,0,4/3,0,3/4,0,3/4,0,12/25,0,0,0,0,0,0,0,0,0,3/4,0,12/25,0,12/25,0,1/3
0,0,0,0,0,0,0,0,0,0,0,0,0,0,0,0,0,0,0,0,0,0,0,0,0,0,0,0,0,0,0,0,0,0,0,0,0,0,0,0,0,0,0,0,0,0,0,0,0,0,0,0,0,0,0,0,0,0,0,0,0,0,0,0,0,0,0,0,0,0,0,0,0,0,0,0,0,0,0,0,0,0,0,0,0,0,0,0,0,0,0,0,0,0,0,0,0,0,0,0,0,0,0,0,0,0,0,0,0,0,0,0,0,4/3,0,3/4,0,3/4,0,12/25,0,3/4,0,12/25,0,12/25,0,1/3
0,0,0,0,0,0,0,0,0,0,0,0,0,0,0,0,0,0,0,0,0,0,0,0,0,0,0,0,0,0,4/3,3/4,0,0,0,0,0,0,0,0,0,0,0,0,0,0,0,0,0,0,0,0,0,0,0,0,0,0,0,0,0,0,3/4,12/25,0,0,0,0,0,0,0,0,0,0,0,0,0,0,0,0,0,0,0,0,0,0,0,0,0,0,0,0,0,0,3/4,12/25,0,0,0,0,0,0,0,0,0,0,0,0,0,0,0,0,0,0,0,0,0,0,0,0,0,0,0,0,0,0,12/25,1/3
0,0,0,0,0,0,0,0,0,0,0,0,0,0,0,0,0,0,0,0,0,0,0,0,0,0,0,0,0,0,0,0,0,0,0,0,0,0,0,0,0,0,0,0,0,0,4/3,3/4,0,0,0,0,0,0,0,0,0,0,0,0,0,0,3/4,12/25,0,0,0,0,0,0,0,0,0,0,0,0,0,0,0,0,0,0,0,0,0,0,0,0,0,0,0,0,0,0,0,0,0,0,0,0,0,0,0,0,0,0,0,0,0,0,3/4,12/25,0,0,0,0,0,0,0,0,0,0,0,0,0,0,12/25,1/3
0,0,0,0,0,0,0,0,0,0,0,0,0,0,0,0,0,0,0,0,0,0,0,0,0,0,0,0,0,0,0,0,0,0,0,0,0,0,0,0,0,0,0,0,0,0,0,0,0,0,0,0,0,0,0,0,0,0,0,0,0,0,0,0,0,0,0,0,0,0,0,0,0,0,0,0,0,0,4/3,3/4,0,0,0,0,0,0,0,0,0,0,0,0,0,0,3/4,12/25,0,0,0,0,0,0,0,0,0,0,0,0,0,0,3/4,12/25,0,0,0,0,0,0,0,0,0,0,0,0,0,0,12/25,1/3
0,0,0,0,0,0,0,0,0,0,0,0,0,0,0,0,0,0,0,0,0,0,0,0,0,0,0,0,0,0,0,0,0,0,0,0,0,0,0,0,0,0,0,0,0,0,0,0,0,0,0,0,0,0,4/3,3/4,0,0,0,0,0,0,3/4,12/25,0,0,0,0,0,0,0,0,0,0,0,0,0,0,0,0,0,0,0,0,0,0,0,0,0,0,0,0,0,0,0,0,0,0,0,0,0,0,0,0,0,0,0,0,0,0,0,0,0,0,0,0,0,0,3/4,12/25,0,0,0,0,0,0,12/25,1/3
0,0,0,0,0,0,0,0,0,0,0,0,0,0,0,0,0,0,0,0,0,0,0,0,0,0,0,0,0,0,0,0,0,0,0,0,0,0,0,0,0,0,0,0,0,0,0,0,0,0,0,0,0,0,0,0,0,0,0,0,0,0,0,0,0,0,0,0,0,0,0,0,0,0,0,0,0,0,0,0,0,0,0,0,0,0,4/3,3/4,0,0,0,0,0,0,3/4,12/25,0,0,0,0,0,0,0,0,0,0,0,0,0,0,0,0,0,0,0,0,0,0,3/4,12/25,0,0,0,0,0,0,12/25,1/3
0,0,0,0,0,0,0,0,0,0,0,0,0,0,0,0,0,0,0,0,0,0,0,0,0,0,0,0,0,0,0,0,0,0,0,0,0,0,0,0,0,0,0,0,0,0,0,0,0,0,0,0,0,0,0,0,0,0,0,0,0,0,0,0,0,0,0,0,0,0,0,0,0,0,0,0,0,0,0,0,0,0,0,0,0,0,0,0,0,0,0,0,0,0,0,0,0,0,0,0,0,0,4/3,3/4,0,0,0,0,0,0,3/4,12/25,0,0,0,0,0,0,3/4,12/25,0,0,0,0,0,0,12/25,1/3
0,0,0,0,0,0,0,0,0,0,0,0,0,0,0,0,0,0,0,0,0,0,0,0,0,0,0,0,0,0,0,0,0,0,0,0,0,0,0,0,0,0,0,0,0,0,0,0,0,0,0,0,0,0,0,0,0,0,4/3,3/4,0,0,3/4,12/25,0,0,0,0,0,0,0,0,0,0,0,0,0,0,0,0,0,0,0,0,0,0,0,0,0,0,0,0,0,0,0,0,0,0,0,0,0,0,0,0,0,0,0,0,0,0,0,0,0,0,0,0,0,0,0,0,0,0,3/4,12/25,0,0,12/25,1/3
0,0,0,0,0,0,0,0,0,0,0,0,0,0,0,0,0,0,0,0,0,0,0,0,0,0,0,0,0,0,0,0,0,0,0,0,0,0,0,0,0,0,0,0,0,0,0,0,0,0,0,0,0,0,0,0,0,0,0,0,0,0,0,0,0,0,0,0,0,0,0,0,0,0,0,0,0,0,0,0,0,0,0,0,0,0,0,0,0,0,4/3,3/4,0,0,3/4,12/25,0,0,0,0,0,0,0,0,0,0,0,0,0,0,0,0,0,0,0,0,0,0,0,0,0,0,3/4,12/25,0,0,12/25,1/3
0,0,0,0,0,0,0,0,0,0,0,0,0,0,0,0,0,0,0,0,0,0,0,0,0,0,0,0,0,0,0,0,0,0,0,0,0,0,0,0,0,0,0,0,0,0,0,0,0,0,0,0,0,0,0,0,0,0,0,0,0,0,0,0,0,0,0,0,0,0,0,0,0,0,0,0,0,0,0,0,0,0,0,0,0,0,0,0,0,0,0,0,0,0,0,0,0,0,0,0,0,0,0,0,0,0,4/3,3/4,0,0,3/4,12/25,0,0,0,0,0,0,0,0,0,0,3/4,12/25,0,0,12/25,1/3
0,0,0,0,0,0,0,0,0,0,0,0,0,0,0,0,0,0,0,0,0,0,0,0,0,0,0,0,0,0,0,0,0,0,0,0,0,0,0,0,0,0,0,0,0,0,0,0,0,0,0,0,0,0,0,0,0,0,0,0,0,0,0,0,0,0,0,0,0,0,0,0,0,0,0,0,0,0,0,0,0,0,0,0,0,0,0,0,0,0,0,0,0,0,0,0,0,0,0,0,0,0,0,0,0,0,0,0,0,0,0,0,0,0,4/3,3/4,0,0,3/4,12/25,0,0,3/4,12/25,0,0,12/25,1/3
0,0,0,0,0,0,0,0,0,0,0,0,0,0,0,0,0,0,0,0,0,0,0,0,0,0,0,0,0,0,0,0,0,0,0,0,0,0,0,0,0,0,0,0,0,0,0,0,0,0,0,0,0,0,0,0,0,0,0,0,4/3,3/4,3/4,12/25,0,0,0,0,0,0,0,0,0,0,0,0,0,0,0,0,0,0,0,0,0,0,0,0,0,0,0,0,0,0,0,0,0,0,0,0,0,0,0,0,0,0,0,0,0,0,0,0,0,0,0,0,0,0,0,0,0,0,0,0,3/4,12/25,12/25,1/3
0,0,0,0,0,0,0,0,0,0,0,0,0,0,0,0,0,0,0,0,0,0,0,0,0,0,0,0,0,0,0,0,0,0,0,0,0,0,0,0,0,0,0,0,0,0,0,0,0,0,0,0,0,0,0,0,0,0,0,0,0,0,0,0,0,0,0,0,0,0,0,0,0,0,0,0,0,0,0,0,0,0,0,0,0,0,0,0,0,0,0,0,4/3,3/4,3/4,12/25,0,0,0,0,0,0,0,0,0,0,0,0,0,0,0,0,0,0,0,0,0,0,0,0,0,0,0,0,3/4,12/25,12/25,1/3
0,0,0,0,0,0,0,0,0,0,0,0,0,0,0,0,0,0,0,0,0,0,0,0,0,0,0,0,0,0,0,0,0,0,0,0,0,0,0,0,0,0,0,0,0,0,0,0,0,0,0,0,0,0,0,0,0,0,0,0,0,0,0,0,0,0,0,0,0,0,0,0,0,0,0,0,0,0,0,0,0,0,0,0,0,0,0,0,0,0,0,0,0,0,0,0,0,0,0,0,0,0,0,0,0,0,0,0,4/3,3/4,3/4,12/25,0,0,0,0,0,0,0,0,0,0,0,0,3/4,12/25,12/25,1/3
0,0,0,0,0,0,0,0,0,0,0,0,0,0,0,0,0,0,0,0,0,0,0,0,0,0,0,0,0,0,0,0,0,0,0,0,0,0,0,0,0,0,0,0,0,0,0,0,0,0,0,0,0,0,0,0,0,0,0,0,0,0,0,0,0,0,0,0,0,0,0,0,0,0,0,0,0,0,0,0,0,0,0,0,0,0,0,0,0,0,0,0,0,0,0,0,0,0,0,0,0,0,0,0,0,0,0,0,0,0,0,0,0,0,0,0,4/3,3/4,3/4,12/25,0,0,0,0,3/4,12/25,12/25,1/3
0,0,0,0,0,0,0,0,0,0,0,0,0,0,0,0,0,0,0,0,0,0,0,0,0,0,0,0,0,0,0,0,0,0,0,0,0,0,0,0,0,0,0,0,0,0,0,0,0,0,0,0,0,0,0,0,0,0,0,0,0,0,0,0,0,0,0,0,0,0,0,0,0,0,0,0,0,0,0,0,0,0,0,0,0,0,0,0,0,0,0,0,0,0,0,0,0,0,0,0,0,0,0,0,0,0,0,0,0,0,0,0,0,0,0,0,0,0,0,0,4/3,3/4,3/4,12/25,3/4,12/25,12/25,1/3
